{
  "epoch": [
    1,
    2,
    3,
    4,
    5,
    6,
    7,
    8,
    9,
    10,
    11,
    12,
    13,
    14,
    15,
    16,
    17,
    18,
    19,
    20,
    21,
    22,
    23,
    24,
    25,
    26,
    27,
    28,
    29,
    30,
    31,
    32,
    33,
    34,
    35,
    36,
    37,
    38,
    39,
    40,
    41,
    42,
    43,
    44,
    45,
    46,
    47,
    48,
    49,
    50
  ],
  "loss": [
    1.5615326997005579,
    1.4468938184506965,
    1.3834297693136968,
    1.3465817119136,
    1.3114651694442288,
    1.2837820847829182,
    1.2663682301839192,
    1.2262258312918923,
    1.2102891459609524,
    1.1917847178199075,
    1.1696815851962927,
    1.149100169991002,
    1.1328315048506765,
    1.1147814230485396,
    1.086928671056574,
    1.0764111244317256,
    1.0641661051547888,
    1.0398921605312463,
    1.0291437271869543,
    0.9998603318676804,
    0.9883408365827618,
    0.9763162461194125,
    0.9539808179392959,
    0.9473928538235751,
    0.9292073249816895,
    0.911609284805529,
    0.891573454394485,
    0.8832206220337839,
    0.872144720771096,
    0.8538453867941191,
    0.8451836362029567,
    0.8353143641442964,
    0.8252136382189664,
    0.8065816308512832,
    0.7907023032506307,
    0.7776003389647512,
    0.7584637403488159,
    0.7411045197284583,
    0.7257244135394241,
    0.6981719461354342,
    0.6723511526078889,
    0.6211994940584357,
    0.6168348915649183,
    0.601348416371779,
    0.6183266856453635,
    0.6136574094945734,
    0.5668904275605173,
    0.5626331206524011,
    0.5180120648759784,
    0.5204778259450739
  ],
  "val_dice": [
    [
      2,
      0.018454046919941902
    ],
    [
      4,
      0.02888159081339836
    ],
    [
      6,
      0.04136265441775322
    ],
    [
      8,
      0.0473591648042202
    ],
    [
      10,
      0.052344441413879395
    ],
    [
      12,
      0.05640503019094467
    ],
    [
      14,
      0.06460946798324585
    ],
    [
      16,
      0.07203449308872223
    ],
    [
      18,
      0.08866962790489197
    ],
    [
      20,
      0.09807565808296204
    ],
    [
      22,
      0.10966939479112625
    ],
    [
      24,
      0.11501326411962509
    ],
    [
      26,
      0.12866388261318207
    ],
    [
      28,
      0.13158884644508362
    ],
    [
      30,
      0.14666356146335602
    ],
    [
      32,
      0.18384438753128052
    ],
    [
      34,
      0.2787799835205078
    ],
    [
      36,
      0.2602648138999939
    ],
    [
      38,
      0.39952459931373596
    ],
    [
      40,
      0.3233006000518799
    ],
    [
      42,
      0.3534049093723297
    ],
    [
      44,
      0.30025553703308105
    ],
    [
      46,
      0.2045978605747223
    ],
    [
      48,
      0.3867889642715454
    ],
    [
      50,
      0.3177337646484375
    ]
  ],
  "val_iou": [
    [
      2,
      0.009344442747533321
    ],
    [
      4,
      0.014727454632520676
    ],
    [
      6,
      0.021279755979776382
    ],
    [
      8,
      0.024473294615745544
    ],
    [
      10,
      0.027151718735694885
    ],
    [
      12,
      0.029344286769628525
    ],
    [
      14,
      0.03379891812801361
    ],
    [
      16,
      0.03788380324840546
    ],
    [
      18,
      0.047303199768066406
    ],
    [
      20,
      0.052588168531656265
    ],
    [
      22,
      0.05918237566947937
    ],
    [
      24,
      0.06215445697307587
    ],
    [
      26,
      0.07014615833759308
    ],
    [
      28,
      0.0724136009812355
    ],
    [
      30,
      0.08085783571004868
    ],
    [
      32,
      0.10417816042900085
    ],
    [
      34,
      0.16636058688163757
    ],
    [
      36,
      0.15613523125648499
    ],
    [
      38,
      0.2559654116630554
    ],
    [
      40,
      0.19982968270778656
    ],
    [
      42,
      0.22376906871795654
    ],
    [
      44,
      0.18532595038414001
    ],
    [
      46,
      0.1188928410410881
    ],
    [
      48,
      0.24813267588615417
    ],
    [
      50,
      0.20323355495929718
    ]
  ]
}